INSERT INTO tipo(id_tipo, tipo)
VALUES
(1, "Ação"),
(2, "BDR"),
(3, "ETF"),
(4, "FII");

SELECT * FROM tipo;

INSERT INTO carteira(id_carteira, carteira)
VALUES
(1, "017"),
(2, "020"),
(3, "174");

INSERT INTO ticker (codigo_tipo, ticker, atual)
VALUES
(4, "BARI11", 103.85),
(4, "CPTS11", 96.35),
(4, "DEVA11", 101.35),
(4, "FIIP11B", 164.15),
(4, "GGRC11", 112.00),
(4, "HABT11", 107.89),
(4, "HCTR11", 121.91),
(4, "HFOF11", 76.74),
(4, "HGBS11", 168.80),
(4, "HGRE11", 131.34),
(4, "HGRU11", 113.71),
(4, "MFII11", 107.65),
(4, "MXRF11", 9.35),
(4, "RBRF11", 71.70),
(4, "RBVA11", 95.00),
(4, "RECT11", 68.76),
(4, "TGAR11", 115.50),
(4, "TORD11", 9.36),
(4, "XPLG11", 97.29),
(3, "IVVB11", 250.00),
(3, "HASH11", 39.25),
(2, "ATTB34", 42.02),
(2, "BABA34", 22.77),
(2, "COCA34", 52.80),
(2, "DISB34", 52.71),
(2, "JNJB34", 57.90),
(2, "MSFT34", 64.68),
(2, "ORCL34", 68.74),
(2, "PFIZ34", 65.16),
(2, "VERZ34", 46.47),
(1, "BBAS3", 33.54),
(1, "BBSE3", 23.37),
(1, "CPLE3", 6.27),
(1, "EGIE3", 40.52),
(1, "EZTC3", 18.38),
(1, "FLRY3", 18.19),
(1, "IRBR3", 3.19),
(1, "ITSA4", 10.48),
(1, "ITUB3", 22.68),
(1, "MGLU3", 6.48),
(1, "RADL3", 23.00),
(1, "TAEE11", 37.48),
(1, "VALE3", 91.57);

INSERT INTO ativo (codigo_carteira, ticker, quantidade, pm, id_ativo)
VALUES
(1, "BARI11",  156,  89.64, 1),
(1, "FIIP11B",  61, 163.89, 2),
(1, "GGRC11",   75, 119.22, 3),
(1, "HABT11",  106,  88.30, 4),
(1, "HCTR11",  146, 111.81, 5),
(1, "HGBS11",   40, 206.53, 6),
(1, "HGRE11",   52, 146.55, 7),
(1, "HGRU11",   63, 114.82, 8),
(1, "MFII11",  139, 104.07, 9),
(1, "MXRF11", 1581,   9.73, 10),
(1, "RBVA11",   75, 122.56, 11),
(1, "RBRF11",  112,  98.17, 12),
(1, "RECT11",  149,  91.54, 13),
(1, "TGAR11",   76, 101.04, 14),
(1, "XPLG11",   73, 106.47, 15),
(3, "BARI11",   44, 103.96, 16),
(3, "CPTS11",   72, 100.15, 17),
(3, "DEVA11",   67, 102.05, 18),
(3, "FIIP11B",  19, 188.60, 19),
(3, "GGRC11",   16, 117.41, 20),
(3, "HABT11",   66, 109.21, 21),
(3, "HCTR11",   57, 125.14, 22),
(3, "HFOF11",   58, 103.72, 23),
(3, "HGBS11",   45, 202.89, 24),
(3, "HGRE11",   30, 140.85, 25),
(3, "HGRU11",   31, 128.29, 26),
(3, "MFII11",   67, 125.62, 27),
(3, "MXRF11",  650,  10.57, 28),
(3, "RBVA11",   41, 115.29, 29),
(3, "RECT11",   40,  94.89, 31),
(3, "TGAR11",   63, 131.13, 32),
(3, "TORD11",  381,   9.95, 33),
(3, "XPLG11",    8, 111.03, 34),
(2, "HCTR11",   34, 126.58, 35),
(2, "MFII11",   31, 110.97, 36),
(2, "MXRF11",  353,  10.54, 37),
(2, "RECT11",   41,  98.33, 38),
(2, "TGAR11",   20, 122.57, 39),
(1, "BBAS3" , 303, 29.91, 40),
(1, "BBSE3" , 310, 25.29, 41),
(1, "EGIE3", 200, 39.04, 42),
(1, "IRBR3", 610, 8.06, 43),
(1, "ITSA4", 1155, 9.18, 44),
(1, "ITUB3", 400, 22.17, 45),
(1, "RADL3", 100, 24.83, 46),
(1, "TAEE11", 178, 28.17, 47),
(1, "VALE3", 124, 46.87, 48),
(1, "ATTB34", 147, 53.19, 49),
(1, "BABA34", 111, 51.58, 50),
(1, "ORCL34", 73, 68.40, 51),
(1, "PFIZ34", 114, 52.74, 52),
(1, "IVVB11", 35, 218.49, 53),
(1, "HASH11", 49, 49.04, 54),
(2, "BBAS3", 201, 42.62, 55),
(2, "BBSE3", 287, 27.30 , 56),
(2, "CPLE3", 922, 6.40  , 57),
(2, "EGIE3", 252, 41.77 , 58),
(2, "EZTC3", 459, 22.26 , 59),
(2, "FLRY3", 472, 21.86 , 61),
(2, "ITSA4", 1269, 11.47, 62),
(2, "ITUB3", 376, 28.30 , 63),
(2, "MGLU3", 237, 23.71 , 64),
(2, "TAEE11", 569, 28.04, 65),
(2, "VALE3", 176, 50.45 , 66),
(2, "COCA34", 104, 47.62, 67),
(2, "DISB34", 50, 69.18 , 68),
(2, "JNJB34", 89, 56.28 , 69),
(2, "MSFT34", 59, 49.31 , 70),
(2, "VERZ34", 107, 54.51, 71);

UPDATE ticker
SET atual = 115.00
WHERE ticker = "BARI11";


SELECT * FROM ativo;

DESCRIBE ativo;

SELECT * FROM ticker;
